{
  "sharedDir": "shared",
  "dependenciesDir": "extern",
  "info": {
    "name": "Magic Monki",
    "id": "magicmonki",
    "version": "0.1.1",
    "url": null,
    "additionalData": {}
  },
  "dependencies": [
    {
      "id": "beatsaber-hook",
      "versionRange": "*",
      "additionalData": {
        "extraFiles": [
          "src/inline-hook"
        ]
      }
    },
    {
      "id": "monkecodegen",
      "versionRange": "*",
      "additionalData": {}
    },
    {
      "id": "monkecomputer",
      "versionRange": "*",
      "additionalData": {}
    }
  ],
  "additionalData": {}
}